,Project ID,Project Name,Project Proponent,Project Type,AFOLU Activities,Methodology,Status,Country/Area,Estimated Annual Emission Reductions,Region,Project Registration Date,Crediting Period Start Date,Crediting Period End Date,Method,Type,SDG,CCB,No Additional Cert
6,2834,"Mangrove Restoration Project with Sine Saloum and Casamance communities, Senegal",WeForest ASBL,Agriculture Forestry and Other Land Use,ARR; WRC,AR-AM0014,Under validation,Senegal,95470,Africa,,2020-07-10,2050-07-09,Blue Carbon,AFOLU,0,0,1
9,2088,Mangrove Restoration and Sustainable Development in Myanmar,Worldview International Foundation,Agriculture Forestry and Other Land Use,ARR; WRC,AR-AM0014,Registration requested,Myanmar,403831,Asia,,2020-09-01,2040-08-31,Blue Carbon,AFOLU,0,0,1
11,1764,"Reforestation and Restoration of degraded mangrove lands, sustainable livelihood and community development in Myanmar",Worldview International Foundation,Agriculture Forestry and Other Land Use,ARR; WRC,AR-AM0014,Registered,Myanmar,184006,Asia,2017-06-26,2015-06-15,2035-06-14,Blue Carbon,AFOLU,0,0,1
33,3815,BOUTILI AFFORESTATION & AGROFORESTRY PROJECT,CENTRAFOREST,Agriculture Forestry and Other Land Use,ARR,AR-ACM0003,Under validation,Central African Republic,5825,,,2020-06-01,2050-05-31,ARR,AFOLU,0,0,1
54,3602,Udzungwa Corridor Reforestation,Udzungwa Corridor Limited,Agriculture Forestry and Other Land Use,ARR,AR-ACM0003,Registration requested,Tanzania,178047,Africa,,2022-02-03,2052-02-02,ARR,AFOLU,0,0,1
92,3429,Restoration and Conservation of Dry Afromontane Forest in the Highlands of Eastern Tigray,WeForest ASBL,Agriculture Forestry and Other Land Use,ARR,AR-ACM0003,Under development,Ethiopia,94936,Asia,,2018-01-01,2067-12-31,ARR,AFOLU,0,0,1
95,3396,PlanTogo,Sequoia Plantation Togo,Agriculture Forestry and Other Land Use,ARR,AR-ACM0003,Under validation,Togo,1508829,Africa,,2021-06-01,2041-05-31,ARR,AFOLU,0,0,1
104,3333,Restoration of degraded mangroves as a climate change mitigation and adaptation strategy in Asia CPA 1,Multiple Proponents,Agriculture Forestry and Other Land Use,ARR,AR-AM0014,Under validation,Myanmar,322622,Asia,,2019-02-13,2039-02-12,ARR,AFOLU,0,0,1
110,3223,CONSERVATION AND RESTORATION OF THE MANGROVE ECOSYSTEM IN THE GAMBIA THROUGH THE REDD+ MECHANISM,Multiple Proponents,Agriculture Forestry and Other Land Use,ARR; IFM; REDD; WRC,VM0007,Under development,Gambia,300000,Africa,,2022-08-01,2122-07-31,ARR,AFOLU,0,0,1
119,3142,Blue Forest & Mozambique: Building Africa’s Largest Mangrove Restoration Project,Blue Forest,Agriculture Forestry and Other Land Use,ARR; REDD,VM0007,Under development,Mozambique,2965555,Africa,,,,ARR,AFOLU,0,0,1
122,3072,Rwanda Riparian Restoration Project,EcoPlanet Bamboo Group,Agriculture Forestry and Other Land Use,ARR,AR-ACM0003,Registration requested,Rwanda,51964,Africa,,2022-10-01,2042-09-30,ARR,AFOLU,0,0,1
128,2971,OKA 2 PROJECT,Acacia Batéké Capital,Agriculture Forestry and Other Land Use,ARR,AR-ACM0003,Registration requested,Congo,19976,Africa,,2020-08-01,2053-07-31,ARR,AFOLU,0,0,1
130,2965,Niger Acacia Senegal Plantation Project - CER Conversion,Converted from other GHG program,Agriculture Forestry and Other Land Use,ARR,AR-ACM0003,Units Transferred from Approved GHG Program,Niger,24957,Africa,,2005-12-21,2035-12-20,ARR,AFOLU,0,0,1
140,2881,The NFC Uganda Carbon Landscapes Project,New Forests Company Holdings I Limited,Agriculture Forestry and Other Land Use,ARR; IFM,VM0003; AR-ACM0003,Under validation,Uganda,74328,Africa,,2017-07-01,2047-06-30,ARR,AFOLU,0,0,1
143,2792,Restoration of Degraded Mangroves and Sustainable Development in Myanmar,Worldview International Foundation,Agriculture Forestry and Other Land Use,ARR,AR-AM0014,Registration requested,Myanmar,70285,Asia,,2020-09-01,2040-08-31,ARR,AFOLU,0,0,1
158,2619,Tombwe Smallholder Reforestation Project,Tombwe Processing Limited,Agriculture Forestry and Other Land Use,ARR,AR-ACM0003,Registration requested,Zambia,56657,Africa,,2019-10-01,2049-09-30,ARR,AFOLU,0,0,1
178,2471,Agroforestry and reforestation with small-scale farmers in Uganda,The PURE PROJECT SAS,Agriculture Forestry and Other Land Use,ARR,AR-AMS0007,Registration and verification approval requested,Uganda,1214,Africa,,2016-04-13,2051-04-12,ARR,AFOLU,0,0,1
192,2401,Reforestation of Degraded Lands in Sierra Leone,Miro Forestry Developments Limited,Agriculture Forestry and Other Land Use,ARR,AR-AM0003,Registered,Sierra Leone,126297,Africa,2021-12-23,2016-05-16,2046-05-15,ARR,AFOLU,0,0,1
196,2382,Niger Acacia Senegal Plantation Project,Achats Service International,Agriculture Forestry and Other Land Use,ARR,AR-ACM0003,Registered,Niger,24957,Africa,2021-10-25,2005-12-21,2035-12-20,ARR,AFOLU,0,0,1
212,2339,"TIST Program in Uganda, VCS-CCB 010",Clean Air Action Corporation,Agriculture Forestry and Other Land Use,ARR,AR-AMS0007,Registered,Uganda,83340,Africa,2021-08-30,2015-02-01,2075-01-31,ARR,AFOLU,0,1,0
213,2319,Agroforestry plantation Bateke Plateaus,FRM Commitment,Agriculture Forestry and Other Land Use,ARR; REDD,AR-ACM0003,Registered,Congo,36102,Africa,2023-03-07,2018-08-01,2051-07-31,ARR,AFOLU,0,0,1
217,1071,Jatropha Agroforestry Senegal,African National Oil Corporation s.a.r.l.,Agriculture Forestry and Other Land Use,ARR,AR-ACM0003,Registered,Senegal,1742,Africa,2020-04-06,2009-06-03,2034-06-02,ARR,AFOLU,0,0,1
222,2085,"Revegetation with fruit Trees in North Manica Province, Mozambique",Agrimoz S.a r.l.,Agriculture Forestry and Other Land Use,ARR,AR-ACM0003,Registered,Mozambique,30799,Africa,2020-07-15,2015-05-28,2035-05-27,ARR,AFOLU,0,0,1
243,829,Jatropha Curcas grouped project in Mali,Multiple Proponents,Agriculture Forestry and Other Land Use,ARR,AR-AMS0004,Registered,Mali,3,Africa,2012-05-29,2007-06-15,2047-06-14,ARR,AFOLU,0,0,1
245,1327,Reforestation of deforested land in Madagascar,EcoFormation,Agriculture Forestry and Other Land Use,ARR,AR-ACM0003,Registered,Madagascar,94452,Africa,2014-05-07,2011-03-01,2041-02-28,ARR,AFOLU,0,0,1
246,799,Bukaleba Forest Project,Busoga Forestry Co. Ltd (Subsidiary Green Resources),Agriculture Forestry and Other Land Use,ARR,AR-ACM0001,Registered,Uganda,11903,Africa,2012-03-20,2004-03-11,2046-03-10,ARR,AFOLU,0,0,1
247,1760,The Haidar EL ALI Mangrove Initiative (HEAMI),Multiple Proponents,Agriculture Forestry and Other Land Use,ARR,AR-AMS0003,Under development,Senegal,30170,Africa,,2018-08-01,2048-07-31,ARR,AFOLU,0,0,1
256,898,Fuelling a greener future for farmers in Malawi through the use of Jatropha curcas,Bio Energy Resources Limited (BERL),Agriculture Forestry and Other Land Use,ARR,AR-ACM0002,Registered,Malawi,863,Africa,2020-04-06,2008-07-08,2038-07-07,ARR,AFOLU,0,0,1
263,824,"TIST Program in Uganda, VCS 001",Clean Air Action Corporation,Agriculture Forestry and Other Land Use,ARR,AR-AMS0001,Registered,Uganda,24348,Africa,2012-05-22,2003-01-01,2032-12-31,ARR,AFOLU,0,1,0
264,825,"TIST Program in Uganda, VCS 002",Clean Air Action Corporation,Agriculture Forestry and Other Land Use,ARR,AR-AMS0001,Registered,Uganda,4801,Africa,2020-04-06,2003-01-01,2032-12-31,ARR,AFOLU,0,1,0
265,826,"TIST Program in Uganda, VCS 004",Clean Air Action Corporation,Agriculture Forestry and Other Land Use,ARR,AR-AMS0001,Registered,Uganda,2958,Africa,2012-05-22,2003-01-01,2032-12-31,ARR,AFOLU,0,1,0
266,827,"TIST Program in Uganda, VCS 003",Clean Air Action Corporation,Agriculture Forestry and Other Land Use,ARR,AR-AMS0001,Registered,Uganda,13112,Africa,2012-05-23,2003-01-01,2032-12-31,ARR,AFOLU,0,1,0
270,993,"TIST Program in Uganda, VCS 005",Clean Air Action Corporation,Agriculture Forestry and Other Land Use,ARR,AR-AMS0001,Registered,Uganda,19342,Africa,2013-03-13,2003-01-01,2032-12-31,ARR,AFOLU,0,1,0
272,995,"TIST Program in Uganda, VCS 006",Clean Air Action Corporation,Agriculture Forestry and Other Land Use,ARR,AR-AMS0001,Registered,Uganda,7787,Africa,2013-03-13,2006-01-01,2035-12-31,ARR,AFOLU,0,1,0
288,142,"Reforestation of degraded grasslands in Uchindile & Mapanda, Tanzania",Green Resources Tanzania Ltd (GRL),Agriculture Forestry and Other Land Use,ARR,AR-AM0005,Registered,Tanzania,25000,Africa,2020-04-06,2002-01-01,2100-12-31,ARR,AFOLU,0,0,1
299,673,Natural High Forest Rehabilitation Project on degraded land of Kibale National Park,Greenchoice,Agriculture Forestry and Other Land Use,ARR,AR-ACM0001,Registered,Uganda,74181,Africa,2020-04-06,2009-01-01,2068-12-31,ARR,AFOLU,0,1,0
304,1318,Livelihoods' mangrove restoration grouped project in Senegal,Livelihoods Fund SICAV SIF,Agriculture Forestry and Other Land Use,ARR,AR-AM0014,Registered,Senegal,30000,Africa,2020-04-06,2009-07-31,2039-07-30,ARR,AFOLU,0,0,1
314,1443,"East African Afforestation, Reforestation and Revegetation Program",Horn of Africa Regional Environment Center and Network,Agriculture Forestry and Other Land Use,ARR,AR-ACM0003,Under development,Ethiopia,18907,Africa,,2014-05-16,2044-05-15,ARR,AFOLU,0,0,1
358,2765,"IMPROVED FOREST MANAGEMENT THROUGH LOGGED-TO-PROTECTED FORESTS AND REDUCED IMPACT LOGGING IN UFA NGOMBÉ, REPUBLIC OF CONGO",Interholco AG,Agriculture Forestry and Other Land Use,IFM,VM0010,Under development,Congo,413560,Africa,,2015-01-01,2024-12-31,IFM,AFOLU,0,0,1
441,3453,ITABU REDD+ PROJECT IN ZAMBIA,Multiple Proponents,Agriculture Forestry and Other Land Use,REDD,VM0015,Under validation,Zambia,9326725,Africa,,2018-01-01,2117-12-31,Avoided Def.,AFOLU,0,0,1
442,3434,Lomphat Wildlife Sanctuary REDD+ Project,"Royal Government of Cambodia (RGC), Ministry of Environment",Agriculture Forestry and Other Land Use,REDD,VM0015,Under validation,Cambodia,239752,Asia,,2018-01-01,2047-12-31,Avoided Def.,AFOLU,0,0,1
480,2857,Integrated REDD+ Project in Zambia,Kanaka Management Services Private Limited,Agriculture Forestry and Other Land Use,REDD,VM0015,Under development,Zambia,3010753,Africa,,2017-11-01,2116-10-31,Avoided Def.,AFOLU,0,0,1
486,2618,COMACO Landscape Management Project - West,Community Markets for Conservation (COMACO),Agriculture Forestry and Other Land Use,ALM; REDD,VM0015; VM0017,Under validation,Zambia,147925,Africa,,2017-07-01,2027-06-30,Avoided Def.,AFOLU,0,0,1
494,2538,Pendjari and W-Benin National Parks REDD+ Project,African Parks Benin (A Branch of African Parks Network),Agriculture Forestry and Other Land Use,REDD,VM0009,Registration and verification approval requested,Benin,269843,Africa,,2017-08-24,2047-08-23,Avoided Def.,AFOLU,0,0,1
497,2510,"CHINKO CONSERVATION AREA REDD+ PROJECT, CENTRAL AFRICAN REPUBLIC",African Parks RCA,Agriculture Forestry and Other Land Use,REDD,VM0009,Registration and verification approval requested,Central African Republic,1248867,Africa,,2016-09-15,2044-09-14,Avoided Def.,AFOLU,0,0,1
509,2324,COMMUNITY BASED AVOIDED DEFORESTATION PROJECT IN GUINEA-BISSAU - REDD,BioGuinea Foundation,Agriculture Forestry and Other Land Use,REDD,VM0007,Registered,Guinea-Bissau,920436,Africa,2020-10-27,2011-03-31,2031-03-30,Avoided Def.,AFOLU,0,0,1
524,1900,Makame Savannah REDD,Carbon Tanzania,Agriculture Forestry and Other Land Use,REDD,VM0007,Registered,Tanzania,136411,Africa,2020-10-02,2016-04-27,2046-04-26,Avoided Def.,AFOLU,0,0,1
525,1897,Ntakata Mountains REDD,Carbon Tanzania,Agriculture Forestry and Other Land Use,REDD,VM0007,Registered,Tanzania,420200,Africa,2020-09-22,2017-05-19,2047-05-18,Avoided Def.,AFOLU,0,1,0
529,1052,North Pikounda REDD+,Multiple Proponents,Agriculture Forestry and Other Land Use,REDD,VM0011,Registered,Congo,231110,Africa,2013-10-29,2012-01-01,2041-12-31,Avoided Def.,AFOLU,0,0,1
530,1848,"Korea - Myanmar Joint - Bago District REDD+ Program, with North Zamari Wildlife Sanctuary",Multiple Proponents,Agriculture Forestry and Other Land Use,REDD,VM0006,Under validation,Myanmar,238397,Asia,,2016-06-03,2046-06-02,Avoided Def.,AFOLU,0,0,1
535,1775,Luangwa Community Forests Project,Multiple Proponents,Agriculture Forestry and Other Land Use,REDD,VM0009,Registered,Zambia,2985650,Africa,2019-10-30,2015-05-01,2045-04-30,Avoided Def.,AFOLU,0,0,1
537,1748,Southern Cardamom REDD+ Project,"Royal Government of Cambodia (RGC), Ministry of Environment",Agriculture Forestry and Other Land Use,REDD,VM0009,Registered,Cambodia,3867568,Asia,2020-04-06,2015-01-01,2044-12-31,Avoided Def.,AFOLU,1,1,0
538,1743,Beampingaratsy REDD Project,BNC REDD+,Agriculture Forestry and Other Land Use,REDD,VM0007,Registration requested,Madagascar,19867,Africa,,2017-10-05,2037-10-04,Avoided Def.,AFOLU,0,0,1
542,1689,Tumring REDD+ Project,"The Royal Government of Cambodia, Forestry Administration",Agriculture Forestry and Other Land Use,REDD,VM0009,Registered,Cambodia,378434,Asia,2020-04-06,2015-01-01,2044-12-31,Avoided Def.,AFOLU,0,1,0
545,1674,Gilé National Reserve REDD Project,National Mozambican Public Agency for Parks and Reserves Conservation (ANAC),Agriculture Forestry and Other Land Use,REDD,VM0007,Registered,Mozambique,68821,Africa,2020-11-16,2012-01-01,2031-12-31,Avoided Def.,AFOLU,0,0,1
546,1311,"Carbon Emissions Reduction Project in the Corridor Ankeniheny-Zahamena (CAZ) Protected Area, Madagascar","Govt. of Madagascar, Direction Generale des Forets",Agriculture Forestry and Other Land Use,REDD,VM0015,Registered,Madagascar,1011973,Africa,2020-04-06,2007-12-30,2037-12-29,Avoided Def.,AFOLU,0,0,1
547,1672,Musokotwane REDD+ Project,Zambruss Enterprises,Agriculture Forestry and Other Land Use,REDD,VM0009,Under validation,Zambia,1100000,Africa,,2017-06-01,2047-05-31,Avoided Def.,AFOLU,0,0,1
550,1650,Reduced Emissions from Deforestation and Degradation in Keo Seima Wildlife Sanctuary,"Royal Government of Cambodia (RGC), Ministry of Environment",Agriculture Forestry and Other Land Use,REDD,VM0015,Registered,Cambodia,1426648,Asia,2020-04-06,2010-01-01,2069-12-31,Avoided Def.,AFOLU,0,0,1
553,904,"Reduced Emissions from Deforestation and Degradation in Community Forests – Oddar Meanchey, Cambodia",Royal Government of Cambodia-Forestry Admin,Agriculture Forestry and Other Land Use,REDD,VM0006,Registered,Cambodia,204792,Asia,2020-04-06,2008-02-28,2038-02-27,Avoided Def.,AFOLU,0,0,1
559,1168,"Kulera Landscape REDD+ Program for Co-Managed Protected Areas, Malawi",Multiple Proponents,Agriculture Forestry and Other Land Use,REDD,VM0006,Registered,Malawi,210421,Africa,2020-04-06,2009-10-01,2039-09-30,Avoided Def.,AFOLU,0,1,0
581,1047,"Carbon Emissions Reduction Project in the Forest Corridor Ambositra-Vondrozo (COFAV), Madagascar","Govt. of Madagascar, Direction Generale des Forets",Agriculture Forestry and Other Land Use,REDD,VM0015,Registered,Madagascar,220965,Africa,2020-04-06,2007-11-01,2037-10-31,Avoided Def.,AFOLU,0,0,1
582,1340,Bale Mountains Eco-region REDD+ project,Oromia Forest and Wildlife Enterprise,Agriculture Forestry and Other Land Use,REDD,VM0015,Registered,Ethiopia,1288821,Africa,2017-07-25,2012-01-01,2031-12-31,Avoided Def.,AFOLU,0,1,0
586,1532,COMACO Landscape Management Project,Community Markets for Conservation (COMACO),Agriculture Forestry and Other Land Use,REDD,VM0015; VM0017,Registered,Zambia,122047,Africa,2020-04-06,2012-07-01,2032-06-30,Avoided Def.,AFOLU,0,0,1
589,1325,Mjumita Community Forest Project (Lindi),Multiple Proponents,Agriculture Forestry and Other Land Use,REDD,VM0015,Registered,Tanzania,46263,Africa,2015-12-21,2012-04-21,2042-04-20,Avoided Def.,AFOLU,0,0,1
590,1215,The Makira Forest Protected Area in Madagascar,The Wildlife Conservation Society (WCS),Agriculture Forestry and Other Land Use,REDD,VM0007,Registered,Madagascar,1267231,Africa,2020-04-06,2005-01-01,2034-12-31,Avoided Def.,AFOLU,0,0,1
598,1201,Gola REDD project,Gola Rainforest Conservation LG,Agriculture Forestry and Other Land Use,REDD,VM0007,Registered,Sierra Leone,498667,Africa,2015-04-11,2012-08-01,2042-07-31,Avoided Def.,AFOLU,0,0,1
608,1381,HIMA (Hifadhi ya Misitu ya Asili ya jamii) REDD+ Program,Multiple Proponents,Agriculture Forestry and Other Land Use,REDD,VM0006,Under development,Tanzania,244000,Africa,,2010-04-01,2040-03-31,Avoided Def.,AFOLU,0,0,1
610,1202,LOWER ZAMBEZI REDD+ PROJECT,BioCarbon Partners,Agriculture Forestry and Other Land Use,REDD,VM0009,Registered,Zambia,210316,Africa,2020-04-06,2009-10-01,2039-09-30,Avoided Def.,AFOLU,0,0,1
974,2485,Agri-SMART: Sustaining a resilient and inclusive development in Zambezia,Carbon Sink Group s.r.l.,Agriculture Forestry and Other Land Use,ALM,VM0017,Registration requested,Mozambique,163,Africa,,2020-12-10,2040-12-09,ALM,AFOLU,0,0,1
986,4000,DelAgua Clean Cooking Grouped Project in The Gambia,DelAgua Health Rwanda (Voluntary) Limited.,Energy demand,,VMR0006,Under validation,Gambia,5297382,Africa,,2023-01-01,2029-12-31,Cookstoves,Non_AFOLU,0,0,1
995,2406,SENEGAL AND WEST AFRICA MANGROVE PROGRAMME (SWAMP),ALLCOT A.G.,Agriculture Forestry and Other Land Use,,VM0007,Under development,Senegal,2547,Africa,,,,AFOLU Other,AFOLU,0,0,1
996,2407,Niokolo Koba REDD+ Project,ALLCOT A.G.,Agriculture Forestry and Other Land Use,,VM0015,Under development,Senegal,25054,Africa,,,,AFOLU Other,AFOLU,0,0,1
1001,2177,failed,MER,Agriculture Forestry and Other Land Use,,VM0007,Withdrawn,Madagascar,1267231,Africa,2014-02-13,,,AFOLU Other,AFOLU,0,0,1
1005,4226,D.Light's Improved Cooking Project In Uganda,"d.light design, Ltd",Energy demand,,VMR0006,Under validation,Uganda,462172,Africa,,2023-03-01,2030-02-28,Cookstoves,Non_AFOLU,0,0,1
1006,4219,IMPROVED COOKSTOVES IN LIBERIA,Carbonibus S.r.l.,Energy demand,,VMR0006,Under validation,Liberia,2058714,Africa,,2023-03-01,2030-02-28,Cookstoves,Non_AFOLU,0,0,1
1007,4217,Distribution of Improved Cook Stoves in Sub-Saharan Africa–Zambia-CPA-005,C-Quest Capital Malaysia Global Stoves Limited,Energy demand,,VMR0006,Under validation,Zambia,298110,Africa,,2019-08-06,2029-08-05,Cookstoves,Non_AFOLU,0,0,1
1008,4166,Distribution of Improved Cook Stoves in Sub-Saharan Africa-Malawi-CPA-004,C-Quest Capital Malaysia Global Stoves Limited,Energy demand,,VMR0006,Under validation,Malawi,98828,Africa,,2019-01-06,2029-01-05,Cookstoves,Non_AFOLU,0,0,1
1010,4160,Installation of high efficiency wood burning cookstoves in Togo,C-Quest Capital CR Stoves Pte. Ltd.,Energy demand,,VMR0006,Under validation,Togo,1920986,Africa,,,,Cookstoves,Non_AFOLU,0,0,1
1012,4158,Installation of high efficiency wood burning cookstoves in Chad,C-Quest Capital CR Stoves Pte. Ltd.,Energy demand,,VMR0006,Under validation,Chad,2075549,Africa,,,,Cookstoves,Non_AFOLU,0,0,1
1013,4157,Installation of high efficiency wood burning cookstoves in Tanzania - Project 3,C-Quest Capital CR Stoves Pte. Ltd.,Energy demand,,VMR0006,Under validation,Tanzania,285339,Africa,,2021-08-05,2031-08-04,Cookstoves,Non_AFOLU,0,0,1
1014,4150,DelAgua Clean Cooking Grouped Project in Rwanda,DelAgua Health Rwanda (Voluntary) Limited.,Energy demand,,VMR0006,Under validation,Rwanda,1876572,Africa,,2021-10-11,2028-10-10,Cookstoves,Non_AFOLU,0,0,1
1015,4151,BioLite Africa Improved Stove Program,BioLite,Energy demand,,VMR0006,Under validation,Rwanda,1000000,Africa,,2022-06-01,2029-05-31,Cookstoves,Non_AFOLU,0,0,1
1016,4058,Improved Cookstove Distribution in Malawi by EKI Phase 01,EKI Energy Services Limited,Energy demand,,ACM0006,Under validation,Malawi,287195,Africa,,2023-01-15,2030-01-14,Cookstoves,Non_AFOLU,0,0,1
1020,3975,Improved cookstoves for refugees in Uganda,POWA International,Energy demand,,VMR0006,Under validation,Uganda,833907,Africa,,2022-10-01,2029-09-30,Cookstoves,Non_AFOLU,0,0,1
1021,3963,SMG - Nepal Cookstove Program in Terai Region of Himalayas,Shri Maa Marketing Private Limited,Energy demand,,VMR0006,Under validation,Nepal,103960,Asia,,2022-12-01,2029-11-30,Cookstoves,Non_AFOLU,0,0,1
1027,3937,"Improved Cook Stove Project 1, Nkhata Bay District, Malawi - CER Conversion",Multiple Proponents,Energy demand,,AMS-II.G.,Units Transferred from Approved GHG Program,Malawi,32672,Africa,,2014-10-27,2024-10-26,Cookstoves,Non_AFOLU,0,0,1
1028,3917,Sequoia cookstoves in Togo,Sequoia Plantation Togo SAU,Energy demand,,VMR0006,Under validation,Togo,791101,Africa,,2022-10-01,2029-09-30,Cookstoves,Non_AFOLU,0,0,1
1033,3834,DelAgua Clean Cooking Grouped Project in Burundi,DelAgua Health Rwanda (Voluntary) Limited.,Energy demand,,VMR0006,Under validation,Burundi,7127196,Africa,,2022-11-15,2029-11-14,Cookstoves,Non_AFOLU,0,0,1
1034,3837,DelAgua Clean Cooking Grouped Project in Sierra Leone,DelAgua Health Rwanda (Voluntary) Limited.,Energy demand,,VMR0006,Under validation,Sierra Leone,6666568,Africa,,2022-11-15,2029-11-14,Cookstoves,Non_AFOLU,0,0,1
1043,3699,DelAgua Improved Cookstove Grouped Project,DelAgua Health Rwanda (Voluntary) Limited.,Energy demand,,VMR0006,Registration and verification approval requested,Rwanda,971601,Africa,,2021-01-01,2027-12-31,Cookstoves,Non_AFOLU,0,0,1
1047,3654,Improved cookstove grouped project in Rwanda,B.B. Energy (Asia) Pte Ltd,Energy demand,,VMR0006,Registration requested,Rwanda,1376362,Africa,,2022-09-01,2032-08-31,Cookstoves,Non_AFOLU,0,0,1
1049,3604,Improved Cookstove Implementation in Nepal.,Multiple Proponents,Energy demand,,VMR0006,Under validation,Nepal,38764,Asia,,2021-05-01,2031-04-30,Cookstoves,Non_AFOLU,0,0,1
1070,3371,"Up Energy Improved Cookstoves Programme, Uganda - CER Conversion",UpEnergy Group,Energy demand,,AMS-II.G.,Units Transferred from Approved GHG Program,Uganda,44874,Africa,,,,Cookstoves,Non_AFOLU,0,0,1
1074,3329,Installation of high efficiency wood burning cookstoves in Madagascar,C-Quest Capital Stoves Asia Limited,Energy demand,,VMR0006,Under development,Madagascar,2719314,Asia,,2022-07-01,2032-06-30,Cookstoves,Non_AFOLU,0,0,1
1087,3279,IDCOL Improved Cook Stove Program - CER Conversion,Infrastructure Development Company Limited,Energy demand,,AMS-II.G.,Units Transferred from Approved GHG Program,Bangladesh,1278597,Asia,,2018-09-16,2046-09-15,Cookstoves,Non_AFOLU,0,0,1
1101,3239,Madagascar Fahatokiana Improved Cookstove Program,"Guangzhou Iceberg Environmental Consulting Services Co., Ltd.",Energy demand,,VMR0006,Under development,Madagascar,343519,Africa,,2022-06-01,2032-05-31,Cookstoves,Non_AFOLU,0,0,1
1102,3209,Installation of high efficiency wood burning cookstoves in Tanzania 2,C-Quest Capital Stoves Asia Limited,Energy demand,,VMR0006,Registration requested,Tanzania,1965147,Africa,,2023-03-01,2033-02-28,Cookstoves,Non_AFOLU,0,0,1
1104,3200,Installation of high efficiency wood burning cookstoves in South Sudan,C-Quest Capital Stoves Asia Limited,Energy demand,,VMR0006,Under development,Sudan,1788505,Africa,,2022-07-01,2032-06-30,Cookstoves,Non_AFOLU,0,0,1
1105,3199,Installation of high efficiency wood burning cookstoves in Gambia,C-Quest Capital Stoves Asia Limited,Energy demand,,VMR0006,Registration requested,Gambia,1693445,Africa,,2022-10-19,2032-10-18,Cookstoves,Non_AFOLU,0,0,1
1106,3205,Installation of high efficiency wood burning cookstoves in Uganda 2,C-Quest Capital Stoves Asia Limited,Energy demand,,VMR0006,Registration requested,Uganda,1965147,Africa,,2022-07-01,2032-06-30,Cookstoves,Non_AFOLU,0,0,1
1107,3198,Installation of high efficiency wood burning cookstoves in Burundi,C-Quest Capital Stoves Asia Limited,Energy demand,,VMR0006,Registration requested,Burundi,2097629,Africa,,2022-08-25,2032-08-24,Cookstoves,Non_AFOLU,0,0,1
1110,3168,Bangladesh Apon Chula Improved Cookstove Program II,Multiple Proponents,Energy demand,,AMS-II.G.; VMR0006,Under development,Bangladesh,461439,Asia,,2022-06-01,2032-05-31,Cookstoves,Non_AFOLU,0,0,1
1117,3144,Bangladesh Apon Chula Improved Cookstove Program I,Multiple Proponents,Energy demand,,VMR0006,Under development,Bangladesh,461439,Asia,,2022-06-01,2032-05-31,Cookstoves,Non_AFOLU,0,0,1
1118,3116,CAMBODIA PREY MOAN KHMER IMPROVED COOKSTOVE PROGRAM I,"Guangzhou Iceberg Environmental Consulting Services Co., Ltd.",Energy demand,,VMR0006,Registration requested,Cambodia,381007,Asia,,2022-04-24,2032-04-23,Cookstoves,Non_AFOLU,0,0,1
1120,3096,UPLIFTING OF MALAGASY COMMUNITES BY DISTRUBUTING EFFICIENT COOKING APPLIANCE,GSG Cleantech Private Limited,Energy demand,,VMR0006,Under development,Madagascar,1031238,Africa,,2022-05-01,2032-04-30,Cookstoves,Non_AFOLU,0,0,1
1122,3073,180 Works High Efficiency Wood Burning Cookstoves - Malawi - Project 1,180.Holdings B.V.,Energy demand,,VMR0006,Registration requested,Malawi,1420462,Africa,,2022-01-01,2031-12-31,Cookstoves,Non_AFOLU,0,0,1
1123,3045,Reduced Emissions from Improved and Efficient Cooking in Ugandan Communities,PERSISTENTCLIMATE INDIA PRIVATE LIMITED,Energy demand,,VMR0006,Registered,Uganda,331839,Africa,2023-03-08,2021-01-02,2031-01-01,Cookstoves,Non_AFOLU,0,0,1
1135,2999,Cleaner cooking access in lower Himalayan region,Multiple Proponents,Energy demand,,VMR0006,Registration requested,Nepal,809209,Asia,,2022-12-01,2032-11-30,Cookstoves,Non_AFOLU,0,0,1
1137,2981,Installation of high efficiency wood burning cookstoves in Angola – Project 2,C-Quest Capital SG Angola Stoves Private Limited,Energy demand,,VMR0006,Registered,Angola,2567788,Africa,2023-03-03,2021-09-01,2031-08-31,Cookstoves,Non_AFOLU,0,0,1
1143,2949,"Improved Cookstove Distribution in Kayonza, Bugesera and Nyamasheke Districts of Rwanda",co2balance UK,Energy demand,,VMR0006,Under development,Rwanda,252537,Africa,,2021-08-24,2031-08-23,Cookstoves,Non_AFOLU,0,0,1
1154,2925,Grouped Projects for Cambodia Improved Cookstove,Sustainability Investment Promotion and Development Joint Stock Company,Energy demand,,VMR0006,Registration requested,Cambodia,7172213,Asia,,2022-05-01,2032-04-30,Cookstoves,Non_AFOLU,0,0,1
1158,2885,Duplicate - Installation of high efficiency wood burning cookstoves in Malawi – Project 3,C-Quest Capital SGM ZM Stoves Private Limited,Energy demand,,VMR0006,Withdrawn,Malawi,2075549,Africa,,2022-03-15,2032-03-14,Cookstoves,Non_AFOLU,0,0,1
1159,2888,Installation of high efficiency wood burning cookstoves in Mozambique – Project 2,C-Quest Capital SGM ZM Stoves Private Limited,Energy demand,,VMR0006,Registered,Mozambique,861165,Africa,2023-03-27,2021-06-22,2031-06-21,Cookstoves,Non_AFOLU,0,0,1
1160,2886,Installation of high efficiency wood burning cookstoves in Malawi – Project 3,C-Quest Capital SGM ZM Stoves Private Limited,Energy demand,,VMR0006,Registration requested,Malawi,1470813,Africa,,2022-03-16,2032-03-15,Cookstoves,Non_AFOLU,0,0,1
1166,2838,MicroEnergy Credits – Microfinance for Clean Energy Product Lines – Africa – Solar Lamps & Efficient cook stoves – 10341 –CPA - 0004,MicroEnergy Credits Corp,Energy demand; Energy industries (renewable/non-renewable sources),,AMS-II.G.; AMS-III.AR,Registered,Uganda,52430,Africa,2023-01-30,2018-12-01,2025-11-30,Cookstoves,Non_AFOLU,0,0,1
1167,2839,MicroEnergy Credits – Microfinance for Clean Energy Product Lines – Africa – Solar Lamps & Efficient cook stoves – 10341 –CPA - 0005,MicroEnergy Credits Corp,Energy demand; Energy industries (renewable/non-renewable sources),,VMR0006; AMS-III.AR,Registered,Uganda,74471,,2023-01-30,2019-11-10,2026-11-09,Cookstoves,Non_AFOLU,0,0,1
1168,2828,Improved Cooking Stove Programme in Burundi,POWA S.A,Energy demand,,AMS-II.G.,Registered,Burundi,506373,Africa,2022-12-15,2018-11-02,2025-11-01,Cookstoves,Non_AFOLU,0,0,1
1169,2794,Madagascar Improved Cook Stove Project by KCM-Wood#CPA-W-030,Korea Carbon Management Ltd,Energy demand,,AMS-II.G.,Under development,Madagascar,37950,Africa,,2022-03-01,2032-02-29,Cookstoves,Non_AFOLU,0,0,1
1170,2811,Madagascar Improved Cook Stove Project by KCM-Wood#CPA-W-047,Korea Carbon Management Ltd,Energy demand,,AMS-II.G.,Under development,Madagascar,37950,Africa,,2022-03-01,2032-02-29,Cookstoves,Non_AFOLU,0,0,1
1171,2814,Madagascar Improved Cook Stove Project by KCM-Wood#CPA-W-050,Korea Carbon Management Ltd,Energy demand,,AMS-II.G.,Under development,Madagascar,38760,Africa,,2022-04-01,2032-03-31,Cookstoves,Non_AFOLU,0,0,1
1172,2817,Madagascar Improved Cook Stove Project by KCM-Wood#CPA-W-053,Korea Carbon Management Ltd,Energy demand,,AMS-II.G.,Under development,Madagascar,38766,Africa,,2022-04-01,2032-03-31,Cookstoves,Non_AFOLU,0,0,1
1173,2795,Madagascar Improved Cook Stove Project by KCM-Wood#CPA-W-031,Korea Carbon Management Ltd,Energy demand,,AMS-II.G.,Under development,Madagascar,37950,Africa,,2022-03-01,2032-02-29,Cookstoves,Non_AFOLU,0,0,1
1174,2796,Madagascar Improved Cook Stove Project by KCM-Wood#CPA-W-032,Korea Carbon Management Ltd,Energy demand,,AMS-II.G.,Under development,Madagascar,37950,Africa,,2022-03-01,2032-02-29,Cookstoves,Non_AFOLU,0,0,1
1175,2797,Madagascar Improved Cook Stove Project by KCM-Wood#CPA-W-033,Korea Carbon Management Ltd,Energy demand,,AMS-II.G.,Under development,Madagascar,37950,Africa,,2022-03-01,2032-02-29,Cookstoves,Non_AFOLU,0,0,1
1176,2798,Madagascar Improved Cook Stove Project by KCM-Wood#CPA-W-034,Korea Carbon Management Ltd,Energy demand,,AMS-II.G.,Under development,Madagascar,37950,Africa,,2022-04-01,2032-03-31,Cookstoves,Non_AFOLU,0,0,1
1177,2799,Madagascar Improved Cook Stove Project by KCM-Wood#CPA-W-035,Korea Carbon Management Ltd,Energy demand,,AMS-II.G.,Under development,Madagascar,37950,Africa,,2022-03-01,2032-02-29,Cookstoves,Non_AFOLU,0,0,1
1178,2800,Madagascar Improved Cook Stove Project by KCM-Wood#CPA-W-036,Korea Carbon Management Ltd,Energy demand,,AMS-II.G.,Under development,Madagascar,37950,Africa,,2022-04-01,2032-03-31,Cookstoves,Non_AFOLU,0,0,1
1179,2801,Madagascar Improved Cook Stove Project by KCM-Wood#CPA-W-037,Korea Carbon Management Ltd,Energy demand,,AMS-II.G.,Under development,Madagascar,37950,Africa,,2022-03-01,2032-02-29,Cookstoves,Non_AFOLU,0,0,1
1180,2802,Madagascar Improved Cook Stove Project by KCM-Wood#CPA-W-038,Korea Carbon Management Ltd,Energy demand,,AMS-II.G.,Under development,Madagascar,37950,Africa,,2022-04-01,2032-03-31,Cookstoves,Non_AFOLU,0,0,1
1181,2803,Madagascar Improved Cook Stove Project by KCM-Wood#CPA-W-039,Korea Carbon Management Ltd,Energy demand,,AMS-II.G.,Under development,Madagascar,37950,Africa,,2022-03-01,2032-02-29,Cookstoves,Non_AFOLU,0,0,1
1182,2804,Madagascar Improved Cook Stove Project by KCM-Wood#CPA-W-040,Korea Carbon Management Ltd,Energy demand,,AMS-II.G.,Under development,Madagascar,37950,Africa,,2022-04-01,2032-03-31,Cookstoves,Non_AFOLU,0,0,1
1183,2805,Madagascar Improved Cook Stove Project by KCM-Wood#CPA-W-041,Korea Carbon Management Ltd,Energy demand,,AMS-II.G.,Under development,Madagascar,37950,Africa,,2022-03-01,2032-02-29,Cookstoves,Non_AFOLU,0,0,1
1184,2806,Madagascar Improved Cook Stove Project by KCM-Wood#CPA-W-042,Korea Carbon Management Ltd,Energy demand,,AMS-II.G.,Under development,Madagascar,37950,Africa,,2022-03-01,2032-02-29,Cookstoves,Non_AFOLU,0,0,1
1185,2807,Madagascar Improved Cook Stove Project by KCM-Wood#CPA-W-043,Korea Carbon Management Ltd,Energy demand,,AMS-II.G.,Under development,Madagascar,37950,Africa,,2022-03-01,2032-02-29,Cookstoves,Non_AFOLU,0,0,1
1186,2808,Madagascar Improved Cook Stove Project by KCM-Wood#CPA-W-044,Korea Carbon Management Ltd,Energy demand,,AMS-II.G.,Under development,Madagascar,37950,Africa,,2022-04-01,2032-03-31,Cookstoves,Non_AFOLU,0,0,1
1187,2809,Madagascar Improved Cook Stove Project by KCM-Wood#CPA-W-045,Korea Carbon Management Ltd,Energy demand,,AMS-II.G.,Under development,Madagascar,37950,Africa,,2022-03-01,2032-02-29,Cookstoves,Non_AFOLU,0,0,1
1188,2810,Madagascar Improved Cook Stove Project by KCM-Wood#CPA-W-046,Korea Carbon Management Ltd,Energy demand,,AMS-II.G.,Under development,Madagascar,37950,Africa,,2022-04-01,2032-03-31,Cookstoves,Non_AFOLU,0,0,1
1189,2812,Madagascar Improved Cook Stove Project by KCM-Wood#CPA-W-048,Korea Carbon Management Ltd,Energy demand,,AMS-II.G.,Under development,Madagascar,38760,Africa,,2022-04-01,2032-03-31,Cookstoves,Non_AFOLU,0,0,1
1190,2813,Madagascar Improved Cook Stove Project by KCM-Wood#CPA-W-049,Korea Carbon Management Ltd,Energy demand,,AMS-II.G.,Under development,Madagascar,38766,Africa,,2022-04-01,2032-03-31,Cookstoves,Non_AFOLU,0,0,1
1191,2815,Madagascar Improved Cook Stove Project by KCM-Wood#CPA-W-051,Korea Carbon Management Ltd,Energy demand,,AMS-II.G.,Under development,Madagascar,38766,Africa,,2022-04-01,2032-03-31,Cookstoves,Non_AFOLU,0,0,1
1192,2816,Madagascar Improved Cook Stove Project by KCM-Wood#CPA-W-052,Korea Carbon Management Ltd,Energy demand,,AMS-II.G.,Under development,Madagascar,38760,Africa,,2022-04-01,2032-03-31,Cookstoves,Non_AFOLU,0,0,1
1193,2818,Madagascar Improved Cook Stove Project by KCM-Wood#CPA-W-054,Korea Carbon Management Ltd,Energy demand,,AMS-II.G.,Under development,Madagascar,38760,Africa,,2022-04-01,2032-03-31,Cookstoves,Non_AFOLU,0,0,1
1194,2819,Madagascar Improved Cook Stove Project by KCM-Wood#CPA-W-055,Korea Carbon Management Ltd,Energy demand,,AMS-II.G.,Under development,Madagascar,38766,Africa,,2022-04-01,2032-03-31,Cookstoves,Non_AFOLU,0,0,1
1195,2820,Madagascar Improved Cook Stove Project by KCM-Wood#CPA-W-056,Korea Carbon Management Ltd,Energy demand,,AMS-II.G.,Under development,Madagascar,38760,Africa,,2022-04-01,2032-03-31,Cookstoves,Non_AFOLU,0,0,1
1196,2821,Madagascar Improved Cook Stove Project by KCM-Wood#CPA-W-057,Korea Carbon Management Ltd,Energy demand,,AMS-II.G.,Under development,Madagascar,38766,Africa,,2022-04-01,2032-03-31,Cookstoves,Non_AFOLU,0,0,1
1197,2823,Madagascar Improved Cook Stove Project by KCM-Wood#CPA-W-058,Korea Carbon Management Ltd,Energy demand,,AMS-II.G.,Under development,Madagascar,38760,Africa,,2022-04-01,2032-03-31,Cookstoves,Non_AFOLU,0,0,1
1198,2824,Madagascar Improved Cook Stove Project by KCM-Wood#CPA-W-059,Korea Carbon Management Ltd,Energy demand,,AMS-II.G.,Under development,Madagascar,38766,Africa,,2022-04-01,2032-03-31,Cookstoves,Non_AFOLU,0,0,1
1199,2825,Madagascar Improved Cook Stove Project by KCM-Wood#CPA-W-006,Korea Carbon Management Ltd,Energy demand,,AMS-II.G.,Under development,Madagascar,37950,Africa,,2019-09-28,2029-09-27,Cookstoves,Non_AFOLU,0,0,1
1200,2826,Madagascar Improved Cook Stove Project by KCM-Wood#CPA-W-007,Korea Carbon Management Ltd,Energy demand,,AMS-II.G.,Under development,Madagascar,37950,Africa,,2020-01-01,2029-12-31,Cookstoves,Non_AFOLU,0,0,1
1201,2827,Madagascar Improved Cook Stove Project by KCM-Wood#CPA-W-008,Korea Carbon Management Ltd,Energy demand,,AMS-II.G.,Under development,Madagascar,37950,Africa,,2020-03-12,2030-03-11,Cookstoves,Non_AFOLU,0,0,1
1202,2784,Madagascar Improved Cook Stove Project by KCM-Wood#CPA-W-025,Korea Carbon Management Ltd,Energy demand,,AMS-II.G.,Under development,Madagascar,38082,Africa,,2020-12-25,2030-12-24,Cookstoves,Non_AFOLU,0,0,1
1203,2785,Madagascar Improved Cook Stove Project by KCM-Wood#CPA-W-026,Korea Carbon Management Ltd,Energy demand,,AMS-II.G.,Under development,Madagascar,38082,Africa,,2020-12-25,2030-12-24,Cookstoves,Non_AFOLU,0,0,1
1204,2786,Madagascar Improved Cook Stove Project by KCM-Wood#CPA-W-027,Korea Carbon Management Ltd,Energy demand,,AMS-II.G.,Under development,Madagascar,38082,Africa,,2020-12-25,2030-12-24,Cookstoves,Non_AFOLU,0,0,1
1205,2787,Madagascar Improved Cook Stove Project by KCM-Wood#CPA-W-028,Korea Carbon Management Ltd,Energy demand,,AMS-II.G.,Under development,Madagascar,38082,Africa,,2020-12-25,2030-12-24,Cookstoves,Non_AFOLU,0,0,1
1206,2788,Madagascar Improved Cook Stove Project by KCM-Wood#CPA-W-029,Korea Carbon Management Ltd,Energy demand,,AMS-II.G.,Under development,Madagascar,38082,Africa,,2020-12-25,2030-12-24,Cookstoves,Non_AFOLU,0,0,1
1207,2772,Madagascar Improved Cook Stove Project by KCM-Wood#CPA-W-014,Korea Carbon Management Ltd,Energy demand,,AMS-II.G.,Under development,Madagascar,37950,Africa,,2021-06-18,2031-06-17,Cookstoves,Non_AFOLU,0,0,1
1208,2773,Madagascar Improved Cook Stove Project by KCM-Wood#CPA-W-015,Korea Carbon Management Ltd,Energy demand,,AMS-II.G.,Under development,Madagascar,37950,Africa,,2021-01-13,2031-01-12,Cookstoves,Non_AFOLU,0,0,1
1209,2775,Madagascar Improved Cook Stove Project by KCM-Wood#CPA-W-017,Korea Carbon Management Ltd,Energy demand,,AMS-II.G.,Under development,Madagascar,37950,Africa,,2021-04-29,2031-04-28,Cookstoves,Non_AFOLU,0,0,1
1210,2776,Madagascar Improved Cook Stove Project by KCM-Wood#CPA-W-018,Korea Carbon Management Ltd,Energy demand,,AMS-II.G.,Under development,Madagascar,37950,Africa,,2020-12-01,2030-11-30,Cookstoves,Non_AFOLU,0,0,1
1211,2777,Madagascar Improved Cook Stove Project by KCM-Wood#CPA-W-019,Korea Carbon Management Ltd,Energy demand,,AMS-II.G.,Under development,Madagascar,37950,Africa,,2021-10-04,2031-10-03,Cookstoves,Non_AFOLU,0,0,1
1212,2778,Madagascar Improved Cook Stove Project by KCM-Wood#CPA-W-020,Korea Carbon Management Ltd,Energy demand,,AMS-II.G.,Under development,Madagascar,37950,,,2020-12-01,2030-11-30,Cookstoves,Non_AFOLU,0,0,1
1213,2779,Madagascar Improved Cook Stove Project by KCM-Wood#CPA-W-021,Korea Carbon Management Ltd,Energy demand,,AMS-II.G.,Under development,Madagascar,37950,Africa,,2020-12-01,2030-11-30,Cookstoves,Non_AFOLU,0,0,1
1214,2780,Madagascar Improved Cook Stove Project by KCM-Wood#CPA-W-022,Korea Carbon Management Ltd,Energy demand,,AMS-II.G.,Under development,Madagascar,37950,Africa,,2020-12-01,2030-11-30,Cookstoves,Non_AFOLU,0,0,1
1215,2781,Madagascar Improved Cook Stove Project by KCM-Wood#CPA-W-023,Korea Carbon Management Ltd,Energy demand,,AMS-II.G.,Under development,Madagascar,38082,Africa,,2020-12-26,2030-12-25,Cookstoves,Non_AFOLU,0,0,1
1216,2782,Madagascar Improved Cook Stove Project by KCM-Wood#CPA-W-024,Korea Carbon Management Ltd,Energy demand,,AMS-II.G.,Under development,Madagascar,38082,Africa,,2020-12-25,2030-12-24,Cookstoves,Non_AFOLU,0,0,1
1217,2774,Madagascar Improved Cook Stove Project by KCM-Wood#CPA-W-016,Korea Carbon Management Ltd,Energy demand,,AMS-II.G.,Under development,Madagascar,37950,Africa,,2021-11-16,2031-11-15,Cookstoves,Non_AFOLU,0,0,1
1219,2749,DelAgua Clean Cooking Grouped Project,DelAgua Health Rwanda (Voluntary) Limited.,Energy demand; Energy industries (renewable/non-renewable sources),,VMR0006,Registered,Rwanda,4485674,Africa,2023-02-08,2019-01-01,2025-12-31,Cookstoves,Non_AFOLU,0,0,1
1220,2734,Fuel Efficient Stoves in Zambia – Korea Carbon Management Ltd. CPA No.1,Korea Carbon Management Ltd,Energy demand,,AMS-II.G.,Registered,Zambia,52455,Africa,2022-12-30,2020-03-31,2030-03-30,Cookstoves,Non_AFOLU,0,0,1
1221,2735,Fuel Efficient Stoves in Zambia (Korea Carbon Management Ltd. CPA No.02),Korea Carbon Management Ltd,Energy demand,,AMS-II.G.,Registered,Zambia,99475,Africa,2023-03-29,2020-07-01,2027-06-30,Cookstoves,Non_AFOLU,0,0,1
1223,2713,Distribution of Improved Cook Stoves in Sub-Saharan Africa-Zambia-CPA-007,Multiple Proponents,Energy demand,,AMS-II.G.,Under development,Zambia,83802,Africa,,2019-08-15,2029-08-14,Cookstoves,Non_AFOLU,0,0,1
1224,2711,Distribution of Improved Cook Stoves in Sub-Saharan Africa-Malawi-CPA-002,C-Quest Capital Malaysia Global Stoves Limited,Energy demand,,VMR0006,Registered,Malawi,75815,Africa,2022-08-16,2018-07-18,2028-07-17,Cookstoves,Non_AFOLU,0,0,1
1225,2712,Distribution of Improved Cook Stoves in Sub-Saharan Africa-Malawi-CPA-006,C-Quest Capital Malaysia Global Stoves Limited,Energy demand,,VMR0006,Registered,Malawi,75815,Africa,2022-08-16,2019-06-05,2029-06-04,Cookstoves,Non_AFOLU,0,0,1
1229,2687,Madagascar Improved Cook Stove Project by KCM-Wood#CPA-W-010,Korea Carbon Management Ltd,Energy demand,,AMS-II.G.,Registered,Madagascar,37950,Africa,2023-02-15,2020-05-29,2030-05-28,Cookstoves,Non_AFOLU,0,0,1
1230,2689,Madagascar Improved Cook Stove Project by KCM-Wood#CPA-W-012,Korea Carbon Management Ltd,Energy demand,,AMS-II.G.,Registered,Madagascar,37950,Africa,2022-12-07,2021-01-04,2031-01-03,Cookstoves,Non_AFOLU,0,0,1
1231,2690,Madagascar Improved Cook Stove Project by KCM-Wood#CPA-W-013,Korea Carbon Management Ltd,Energy demand,,AMS-II.G.,Registered,Madagascar,37950,Africa,2022-12-15,2020-09-08,2030-09-07,Cookstoves,Non_AFOLU,0,0,1
1232,2685,Madagascar Improved Cook Stove Project by KCM-Wood#CPA-W-009,Korea Carbon Management Ltd,Energy demand,,AMS-II.G.,Registered,Madagascar,37950,Africa,2022-11-09,2020-04-03,2030-04-02,Cookstoves,Non_AFOLU,0,0,1
1233,2688,Madagascar Improved Cook Stove Project by KCM-Wood#CPA-W-011,Korea Carbon Management Ltd,Energy demand,,AMS-II.G.,Registered,Madagascar,37950,Africa,2022-11-14,2020-06-12,2030-06-11,Cookstoves,Non_AFOLU,0,0,1
1234,2676,Community Carbon Efficient Cooking Programme - Tanzania-1,Community Carbon,Energy demand,,VMR0006,Under development,Tanzania,2348761,Africa,,2022-04-01,2029-03-31,Cookstoves,Non_AFOLU,0,0,1
1241,2616,BQS improved cookstoves for Burundi’s schools,Burundi Quality Stoves S.A.,Energy industries (renewable/non-renewable sources),,AMS-I.E.,Registered,Burundi,187061,Africa,2022-11-22,,,Cookstoves,Non_AFOLU,0,0,1
1242,2599,Domestic Cooking Stoves substitution programme in Mozambique - CER Conversion,Converted from other GHG program,Energy demand,,AMS-II.G.,Units Transferred from Approved GHG Program,Mozambique,30373,Africa,,,,Cookstoves,Non_AFOLU,0,0,1
1247,2540,Improved cookstoves for Burundi restaurants,OBEN EAC S.A,Energy industries (renewable/non-renewable sources),,AMS-I.E.,Registered,Burundi,661007,Africa,2022-07-13,2020-02-03,2027-02-02,Cookstoves,Non_AFOLU,0,0,1
1260,2463,Fuel Efficient Stoves in Zambia CPA 3. - CER Conversion,Credits transferred from approved GHG program,Energy demand,,AMS-II.G.,Units Transferred from Approved GHG Program,Zambia,40864,Africa,,,,Cookstoves,Non_AFOLU,0,0,1
1286,2409,Cleaner Cooking Solutions Program,C-Quest Capital SGT Asia Stoves Private Limited,Energy demand; Energy industries (renewable/non-renewable sources),,VMR0006,Registered,Cambodia,841424,Asia,2022-11-14,2022-02-21,2032-02-20,Cookstoves,Non_AFOLU,0,0,1
1287,2390,Installation of high efficiency wood burning cookstoves in Angola,C-Quest Capital Stoves Asia Limited,Energy demand,,VMR0006,Registered,Angola,2567788,Africa,2023-03-06,2021-11-11,2031-11-10,Cookstoves,Non_AFOLU,0,0,1
1289,2380,Installation of high efficiency wood burning cookstoves in Rwanda,C-Quest Capital Stoves Asia Limited,Energy industries (renewable/non-renewable sources),,VMR0006,Registration requested,Rwanda,3149415,Africa,,2021-10-09,2031-10-08,Cookstoves,Non_AFOLU,0,0,1
1290,2371,Installation of high efficiency wood burning cookstoves in Zambia - Project 2,Multiple Proponents,Energy demand,,VMR0006,Registered,Zambia,1713078,Africa,2021-12-11,2020-10-14,2030-10-13,Cookstoves,Non_AFOLU,0,0,1
1291,2372,Installation of high efficiency wood burning cookstoves in Malawi - Project 2,Multiple Proponents,Energy demand,,VMR0006,Registered,Malawi,1924569,Africa,2021-12-11,2020-07-05,2030-07-04,Cookstoves,Non_AFOLU,0,0,1
1292,2366,Installation of high efficiency wood burning cookstoves in Tanzania,Multiple Proponents,Energy demand; Energy industries (renewable/non-renewable sources),,VMR0006,Registered,Tanzania,1882271,Africa,2021-12-12,2020-09-23,2030-09-22,Cookstoves,Non_AFOLU,0,0,1
1293,2357,Improved cook stove market development in rural Nepal,Multiple Proponents,Energy demand,,AMS-II.G.,Registered,Nepal,44763,Asia,2021-11-23,2018-11-01,2028-10-31,Cookstoves,Non_AFOLU,0,0,1
1295,2351,Installation of high efficiency wood burning cookstoves in Mozambique,C-Quest Capital SGS Stoves Private Limited,Energy industries (renewable/non-renewable sources),,VMR0006,Registered,Mozambique,1713078,Africa,2022-05-13,2021-01-27,2031-01-26,Cookstoves,Non_AFOLU,0,0,1
1296,2350,Installation of high efficiency wood burning cookstoves in Uganda,Multiple Proponents,Energy demand,,VMR0006,Registered,Uganda,1459980,Africa,2023-03-16,2021-12-15,2031-12-14,Cookstoves,Non_AFOLU,0,0,1
1297,2340,Installation of high efficiency wood burning cookstoves in Zambia,Multiple Proponents,Energy demand,,VMR0006,Registered,Zambia,1713078,Africa,2021-11-25,2020-09-04,2030-09-03,Cookstoves,Non_AFOLU,0,0,1
1299,2342,Installation of high efficiency wood burning cookstoves in Malawi,Multiple Proponents,Energy demand,,VMR0006,Registered,Malawi,915838,Africa,2021-11-25,2020-12-01,2030-11-30,Cookstoves,Non_AFOLU,0,0,1
1301,2313,Madagascar Improved Cookstove Project by KCM-Wood#CPA-W-003,Korea Carbon Management Ltd,Energy demand,,AMS-II.G.,Registered,Madagascar,37950,Africa,2022-09-29,2019-03-17,2029-03-16,Cookstoves,Non_AFOLU,0,0,1
1302,2312,Madagascar Improved Cookstove Project by KCM-Wood#CPA-W-002,Korea Carbon Management Ltd,Energy demand,,AMS-II.G.,Registration requested,Madagascar,37950,Africa,,2019-03-11,2029-03-10,Cookstoves,Non_AFOLU,0,0,1
1303,2311,Madagascar Improved Cookstove Project by KCM-Wood#CPA-W-001,Korea Carbon Management Ltd,Energy demand,,AMS-II.G.,Registered,Madagascar,37722,Africa,2020-10-03,2018-10-09,2028-10-08,Cookstoves,Non_AFOLU,0,0,1
1304,2314,Madagascar Improved Cookstove Project by KCM-Wood#CPA-W-004,Korea Carbon Management Ltd,Energy demand,,AMS-II.G.,Registered,Madagascar,37950,Africa,2022-12-16,2019-09-02,2029-09-01,Cookstoves,Non_AFOLU,0,0,1
1305,2315,Madagascar Improved Cookstove Project by KCM-Wood#CPA-W-005,Korea Carbon Management Ltd,Energy demand,,AMS-II.G.,Registered,Madagascar,37950,Africa,2022-12-16,2019-07-15,2029-07-14,Cookstoves,Non_AFOLU,0,0,1
1306,2304,Energy Efficient Cooking Solution for low emission development in Nepal - 3,Multiple Proponents,Energy industries (renewable/non-renewable sources),,AMS-II.G.,Under validation,Nepal,33715,Asia,,2018-12-01,2028-11-30,Cookstoves,Non_AFOLU,0,0,1
1307,2303,Energy Efficient Cooking Solution for low emission development in Nepal-2,Environment Protection Centre (EPC),Energy industries (renewable/non-renewable sources),,AMS-II.G.,Registered,Nepal,33672,Asia,2022-03-28,2018-09-20,2028-09-19,Cookstoves,Non_AFOLU,0,0,1
1308,2300,Energy Efficient Cooking Solution for low emission development in Nepal-1,Multiple Proponents,Energy industries (renewable/non-renewable sources),,AMS-II.G.,Under validation,Nepal,33685,Asia,,2018-09-10,2028-09-09,Cookstoves,Non_AFOLU,0,0,1
1309,1251,Fuel Efficient Stoves in Zambia CPA 1,3 Rocks Limited,Energy demand,,AMS-II.G.,Registered,Zambia,40684,Africa,2020-06-04,2018-06-06,2025-06-05,Cookstoves,Non_AFOLU,0,0,1
1310,1252,Fuel Efficient Stoves in Zambia CPA 2,3 Rocks Limited,Energy demand,,AMS-II.G.,Registered,Zambia,40864,Africa,2014-02-28,2018-10-27,2025-10-26,Cookstoves,Non_AFOLU,0,0,1
1311,1253,Fuel Efficient Stoves in Zambia CPA 3,3 Rocks Limited,Energy demand,,AMS-II.G.,Registered,Zambia,40864,Africa,2014-02-28,2020-02-21,2027-02-20,Cookstoves,Non_AFOLU,0,0,1
1312,181,Fuel-Wood Saving with Improved Cookstoves in Cambodia,GERES (Gpe Energies Renouvelables & Environnement),Energy demand,,AMS-II.G.,Registered,Cambodia,192600,Asia,2020-04-06,,,Cookstoves,Non_AFOLU,0,0,1
1317,1863,ENERGY EFFICIENCY COOK STOVE IMPLEMENTATION IN NEPAL,Enen Green Services Private Limited,Energy demand,,AMS-II.G.,Registered,Nepal,56811,Asia,2019-07-19,2017-07-19,2027-07-18,Cookstoves,Non_AFOLU,0,0,1
1324,1719,Improved Cookstoves Project for Malawi and cross-border regions of Mozambique CPA MAL  005,Multiple Proponents,Energy demand,,AMS-II.G.,Registered,Malawi,44853,Africa,2018-02-06,2016-09-05,2026-09-04,Cookstoves,Non_AFOLU,0,0,1
1329,2120,Fuel - Wood Saving with Improved Cookstoves in Cambodia,CDC,Energy demand,,AMS-II.G.,Registered,Cambodia,192600,,2011-07-12,,,Cookstoves,Non_AFOLU,0,0,1
1331,4188,Grouped Captive Solar Power Project in Bangladesh,EKI Energy Services Limited,Energy industries (renewable/non-renewable sources),,AMS-I.F.,Under validation,Bangladesh,11146,Asia,,2021-05-01,2028-04-30,Solar,Non_AFOLU,0,0,1
1333,4036,"26MWp Solar Photovoltaic Power Plant in Bavet City, Cambodia","Green Sustainable Ventures (Cambodia) Co., Ltd.",Energy industries (renewable/non-renewable sources),,ACM0002,Under validation,Cambodia,26473,Asia,,2022-01-27,2029-01-26,Solar,Non_AFOLU,0,0,1
1334,4030,220MW DC MINBU SOLAR POWER PROJECT,"GEP (Myanmar) Co., Ltd. (Head Office)",Energy industries (renewable/non-renewable sources),,ACM0002,Under validation,Myanmar,48722,Asia,,2019-09-27,2029-09-26,Solar,Non_AFOLU,0,0,1
1338,3788,Foumbouni-Mitsamiouli solar farm,INNOVENT COMORES S.A,Energy industries (renewable/non-renewable sources),,AMS-I.D.,Registration and verification approval requested,Comoros,9510,Africa,,2021-02-17,2028-02-16,Solar,Non_AFOLU,0,0,1
1341,3613,Solar Power Project by SOMA Energy,Soma Energy Co. Ltd,Energy industries (renewable/non-renewable sources),,AMS-I.D.,Registration and verification approval requested,Cambodia,5113,Asia,,2020-08-13,2027-08-12,Solar,Non_AFOLU,0,0,1
1344,3545,"50 MW (AC) SOLAR PARK AT SUTIAKHALI, GOURIPUR, MYMENSINGH",HDFC Sinpower Limited,Energy industries (renewable/non-renewable sources),,ACM0002,Registered,Bangladesh,55302,Asia,2023-02-06,2020-11-04,2027-11-03,Solar,Non_AFOLU,0,0,1
1347,3298,Blitta – Togo Solar Power Plant,Multiple Proponents,Energy industries (renewable/non-renewable sources),,ACM0002,Registration requested,Togo,61326,Africa,,2021-06-12,2028-06-11,Solar,Non_AFOLU,0,0,1
1348,3099,Spectra Solar Park Ltd _35 MW AC Grid-Tied by Spectra Solar Park Limited,Spectra Solar Park Limited,Energy industries (renewable/non-renewable sources),,ACM0002,Registration and verification approval requested,Bangladesh,37042,Asia,,2021-03-12,2028-03-11,Solar,Non_AFOLU,0,0,1
1352,2966,"Installation Of Solar Milling Plants for Household In Zambia, Project- 1",Carbon Project Australia Pty Ltd,Energy industries (renewable/non-renewable sources),,AMS-I.B.,Registration requested,Zambia,23199,Africa,,2020-08-01,2027-07-31,Solar,Non_AFOLU,0,0,1
1353,2967,"Installation Of Solar Milling Plants for Household In Zambia, Project- 2",Carbon Project Australia Pty Ltd,Energy industries (renewable/non-renewable sources),,AMS-I.B.,Registration requested,Zambia,21530,Africa,,2020-08-17,2027-08-16,Solar,Non_AFOLU,0,0,1
1354,2953,Malawi Solar Power and Adult Literacy Project,SCB Brokers LLC,Energy demand; Energy distribution; Energy industries (renewable/non-renewable sources),,AMS-I.A.,Under development,Malawi,21,Africa,,2021-11-01,2028-10-31,Solar,Non_AFOLU,0,0,1
1360,2434,Off grid Solar PV project at IAMGOLD Essakane SA Gold Mine,Essakane Solar S.A.S.,Energy industries (renewable/non-renewable sources),,AMS-I.A.,Registered,Burkina Faso,19904,Africa,2021-12-07,2018-06-01,2025-05-31,Solar,Non_AFOLU,0,0,1
1362,2307,Ambatolampy 20 MW solar PV,GreenYellow Madagascar,Energy industries (renewable/non-renewable sources),,ACM0002,Registered,Madagascar,23431,Africa,2020-11-04,2018-07-10,2025-07-09,Solar,Non_AFOLU,0,0,1
1412,1971,SAKAL SOLAR FARM,AERA Group,Energy industries (renewable/non-renewable sources),,ACM0002,Registered,Senegal,22270,Africa,2020-06-11,2018-07-24,2028-07-23,Solar,Non_AFOLU,0,0,1
1449,1774,Grid-connected Solar PV project in Bokhol,Senergy 2 SAS,Energy industries (renewable/non-renewable sources),,ACM0002,Registered,Senegal,22851,Africa,2020-04-13,2016-11-11,2026-11-10,Solar,Non_AFOLU,0,0,1
1458,1734,Large scale grid connected solar PV Project in Toujounine (Nouakchott),AERA Group,Energy industries (renewable/non-renewable sources),,ACM0002,Registered,Mauritania,43836,Africa,2019-01-29,2017-11-07,2027-11-06,Solar,Non_AFOLU,0,0,1
1463,1683,Kahone Solar PV Plant,ENERGY RESOURCES SENEGAL SA,Energy industries (renewable/non-renewable sources),,ACM0002,Registered,Senegal,21521,,2017-07-05,2018-02-23,2028-02-22,Solar,Non_AFOLU,0,0,1
1469,1652,Centrale Solaire de Malicounda - Groupe Solaria,SENELEC,Energy industries (renewable/non-renewable sources),,ACM0002,Under development,Senegal,26547,Africa,,2016-09-07,2026-09-06,Solar,Non_AFOLU,0,0,1
1490,3163,Red Sea Power Wind Farm,AERA Group,Energy industries (renewable/non-renewable sources),,ACM0002,Under validation,Djibouti,98849,Africa,,2022-07-01,2032-06-30,Wind,Non_AFOLU,0,0,1
1491,2588,Taiba N’Diaye Wind Power,Parc Eolien Taiba N’Diaye S.A.U,Energy industries (renewable/non-renewable sources),,ACM0002,Registered,Senegal,243965,Africa,2022-01-25,2019-12-09,2029-12-08,Wind,Non_AFOLU,0,0,1
1875,1733,Nouakchott 30 MW wind power plant,AERA Group,Energy industries (renewable/non-renewable sources),,ACM0002,Registered,Mauritania,66438,Africa,2020-04-13,2016-01-28,2026-01-27,Wind,Non_AFOLU,0,0,1
2101,4139,Grouped Hydro Power Project by EKI Energy Services Limited,Multiple Proponents,Energy industries (renewable/non-renewable sources),,AMS-I.D.,Under validation,Nepal,22723,Asia,,2021-08-01,2028-07-31,Hydro,Non_AFOLU,0,0,1
2102,3720,Giciye III Hydropower Project in Rwanda,B.B. Energy (Asia) Pte Ltd,Energy industries (renewable/non-renewable sources),,AMS-I.D.,Registration requested,Rwanda,25787,Africa,,2020-12-09,2027-12-08,Hydro,Non_AFOLU,0,0,1
2235,2080,Jiro Kanto rural hydro-electricity in Alaotra-Mangoro,BETC Nanala,Energy industries (renewable/non-renewable sources),,AMS-I.L.,Registration requested,Madagascar,12748,Africa,,2020-04-01,2030-03-31,Hydro,Non_AFOLU,0,0,1
2338,1199,Bugoye 13.0 MW Run-of-River Hydropower Project,Bugoye Hydro Limited,Energy industries (renewable/non-renewable sources),,AMS-I.D.,Registered,Uganda,51074,Africa,2020-04-06,,,Hydro,Non_AFOLU,0,0,1
2353,1286,Ishasha 6.6 MW Small Hydropower Project,Multiple Proponents,Energy industries (renewable/non-renewable sources),,AMS-I.D.,Registered,Uganda,19027,Africa,2015-02-11,,,Hydro,Non_AFOLU,0,0,1
2393,1319,Small-Scale Hydropower Project Sahanivotry In Madagascar.,Hydelec Madagascar,Energy industries (renewable/non-renewable sources),,ACM0002,Registered,Madagascar,46490,Africa,2020-04-06,2018-10-01,2028-09-30,Hydro,Non_AFOLU,0,0,1
2394,1505,Bujagali Hydropower Project - CER Conversion,Credits transferred from approved GHG program,Energy industries (renewable/non-renewable sources),,ACM0002,Units Transferred from Approved GHG Program,Uganda,858173,Africa,,,,Hydro,Non_AFOLU,0,0,1
2398,1494,Tsiazompaniry Hydropower Project in Madagascar,HENRI FRAISE FILS & Cie,Energy industries (renewable/non-renewable sources),,AMS-I.D.,Under development,Madagascar,8309,Africa,,,,Hydro,Non_AFOLU,0,0,1
2419,1458,Pico Hydro-Electricity Dissemination programme for Rural Electrification,Tany Meva Fundation,Energy industries (renewable/non-renewable sources),,AMS-I.L.,Registered,Madagascar,1070,Africa,2015-12-22,2016-06-01,2026-05-31,Hydro,Non_AFOLU,0,0,1
2578,1564,"Landfill gas recovery and electricity generation at “Mtoni Dumpsite”, Dar Es Salaam, Tanzania - CER Conversion",Credits transferred from approved GHG program,Waste handling and disposal,,ACM0001,Units Transferred from Approved GHG Program,Tanzania,202271,Africa,,,,LFG,Non_AFOLU,0,0,1
2825,1393,Anaerobic digestion and heat generation at Sugar Corporation of Uganda Limited,Multiple Proponents,Energy industries (renewable/non-renewable sources); Waste handling and disposal,,AMS-I.C.; AMS-III.H.,Registered,Uganda,15229,Africa,2020-04-06,,,Waste,Non_AFOLU,0,0,1
2835,353,Composting of Municipal organic waste in Mahajanga (Madagascar),Goodplanet,Waste handling and disposal,,AMS-III.F.,Registered,Madagascar,14948,Africa,2012-04-10,,,Waste,Non_AFOLU,0,0,1
2841,3985,Grouped Electric bikes project in Africa,MAUTO HOLDCO,Transport,,AMS-III.C.,Under validation,Togo,65806,Africa,,2022-06-20,2029-06-19,Transport,Non_AFOLU,0,0,1
2873,3228,Clean Bricks Production in Nepal,InnoCSR Co.Ltd.,Manufacturing industries,,AMS-III.Z,Under validation,Nepal,2037,Asia,,2022-06-25,2032-06-24,Construction / Manufacturing,Non_AFOLU,0,0,1
2923,3021,Reducing Gas Leakages within North West and other sub-areas of the Titas Gas Distribution Network in Bangladesh,Carbon Projects LLC,"Fugitive emissions from fuels (solid, oil and gas)",,AM0023,Registered,Bangladesh,1090993,Asia,2022-10-26,2022-06-01,2032-05-31,Fugitive Emiss.,Non_AFOLU,0,0,1
2924,2930,Reducing Gas Leakages within the Titas Gas Distribution Network in Bangladesh Verra,NE Climate A/S,"Fugitive emissions from fuels (solid, oil and gas)",,AM0023,Registered,Bangladesh,3289487,Asia,2022-12-13,2017-01-29,2027-01-28,Fugitive Emiss.,Non_AFOLU,0,0,1
2928,2739,Reducing Gas Leakages within the Pashchimanchal Gas Distribution Network in Bangladesh,EcoGas Asia Limited,"Fugitive emissions from fuels (solid, oil and gas)",,AM0023,Registered,Bangladesh,365129,Asia,2022-09-27,2020-01-19,2030-01-18,Fugitive Emiss.,Non_AFOLU,0,0,1
2929,2736,Reducing Gas Leakages within the Bakhrabad Gas Distribution Network in Bangladesh,EcoGas Asia Limited,"Fugitive emissions from fuels (solid, oil and gas)",,AM0023,Registered,Bangladesh,1387409,Asia,2022-10-27,2019-01-28,2029-01-27,Fugitive Emiss.,Non_AFOLU,0,0,1
2930,2737,Reducing Gas Leakages within the Jalalabad Gas Distribution Network in Bangladesh,EcoGas Asia Limited,"Fugitive emissions from fuels (solid, oil and gas)",,AM0023,Registered,Bangladesh,1054305,Asia,2022-09-27,2019-01-20,2029-01-19,Fugitive Emiss.,Non_AFOLU,0,0,1
2931,2738,Reducing Gas Leakages within the Karnaphuli Gas Distribution Network in Bangladesh,EcoGas Asia Limited,"Fugitive emissions from fuels (solid, oil and gas)",,AM0023,Registered,Bangladesh,839133,Asia,2022-09-27,2019-01-06,2029-01-05,Fugitive Emiss.,Non_AFOLU,0,0,1
2933,2478,Reducing Gas Leakages within the Titas Gas Distribution Network in Bangladesh - CER Conversion,Converted from other GHG program,"Fugitive emissions from fuels (solid, oil and gas)",,AM0023,Units Transferred from Approved GHG Program,Bangladesh,3481722,,,2017-01-29,2027-01-28,Fugitive Emiss.,Non_AFOLU,0,0,1
2999,3935,Angovo Maharitra,CARBON CREDITS CONSULTING S.R.L.,Energy demand,,AMS-II.G.,Under development,Madagascar,44683,Africa,,2022-12-31,2029-12-30,Other,Non_AFOLU,0,0,1
3000,3936,Mila Rano - Safe water access for Madagascar,CARBON CREDITS CONSULTING S.R.L.,Energy demand,,AMS-III.AV.,Under validation,Madagascar,12294,Africa,,,,Other,Non_AFOLU,0,0,1
3010,3831,"Healthier, Happier Meals With Fuel And Time Savings In Rural Zambia",Multiple Proponents,Energy demand,,VMR0006,Registration requested,Zambia,2120325,Africa,,2023-04-01,2033-03-31,Other,Non_AFOLU,0,0,1
3015,3703,UpEnergy-Social and Climate Impact Programme-Burundi 1,UpEnergy Group,Energy demand,,VMR0006,Under validation,Burundi,803492,Africa,,2022-07-05,2029-07-04,Other,Non_AFOLU,0,0,1
3017,3691,Safe Drinking Water Supply Project in the Rural Area of Senegal,"Guangzhou Iceberg Environmental Consulting Services Co., Ltd.",Energy demand,,AMS-III.AV.,Registration requested,Senegal,269450,Africa,,2021-03-23,2028-03-22,Other,Non_AFOLU,0,0,1
3029,3262,Livelihoods Chitetezo Mbaula Project,Livelihoods Fund SICAV SIF,Energy demand,,VMR0006,Registration and verification approval requested,Malawi,262431,Africa,,2021-03-26,2031-03-25,Other,Non_AFOLU,0,0,1
3038,3052,Grouped Projects For Cambodia Water Purifier,Sustainability Investment Promotion and Development Joint Stock Company,Energy demand,,AMS-III.AV.,Under development,Cambodia,2284560,Asia,,2022-05-01,2032-04-30,Other,Non_AFOLU,0,0,1
3039,2977,Biomass Cogeneration Plant By SCOUL,Multiple Proponents,Energy industries (renewable/non-renewable sources),,ACM0006,Registration and verification approval requested,Uganda,76243,Africa,,2021-07-19,2028-07-18,Other,Non_AFOLU,0,0,1
3045,2789,UpEnergy-Social and Climate Impact Programme-Uganda 1,UpEnergy Group,Energy demand,,VMR0006,Under development,Uganda,1135916,Africa,,2022-04-01,2029-03-31,Other,Non_AFOLU,0,0,1
3047,2707,ICS distribution for Improving life style of Malagasy Community,Multiple Proponents,Energy demand,,VMR0006,Registered,Madagascar,313968,Africa,2022-12-02,2021-12-31,2031-12-30,Other,Non_AFOLU,0,0,1
3063,2571,Renewable Electricity Grouped Project in Africa,Multiple Proponents,Energy industries (renewable/non-renewable sources),,AMS-I.D.,Registered,Tanzania,10208,Africa,2022-11-09,2021-02-09,2028-02-08,Other,Non_AFOLU,0,0,1
3070,2400,DelAgua Public Health Program in Eastern Africa - CER Conversion,Converted From a another GHG program CDM,Energy demand,,AMS-II.G.,Units Transferred from Approved GHG Program,Rwanda,67656,Africa,,,,Other,Non_AFOLU,0,0,1
3268,2263,Renewable Energy based power generation projects in Bangladesh,Multiple Proponents,Energy industries (renewable/non-renewable sources),,ACM0002; AMS-I.D.,Registered,Bangladesh,32791,Asia,2020-11-20,2018-09-15,2025-09-14,Other,Non_AFOLU,0,0,1
3377,1665,HPP Project Liberia,Liberian Agricultural Company,Energy industries (renewable/non-renewable sources),,Methodology Under Development,Registered,Liberia,3580,Africa,2020-04-06,2016-06-19,2026-06-18,Other,Non_AFOLU,0,0,1
3384,1624,"Biomass Based Cogeneration Project by CG GROUP, NEPAL",CG Brewery (Nepal) Pvt. Ltd,Energy industries (renewable/non-renewable sources),,AMS-I.C.,Registration requested,Nepal,47925,Asia,,2016-09-01,2026-08-31,Other,Non_AFOLU,0,0,1
